"campaign_id","impressions","clicks","conversions","ad_spend","ctr_percentage","conversion_rate_percentage","cost_per_conversion"
117,1467,89,89,579.39,6.07,100.00,6.51
961,9368,85,85,170.80,0.91,100.00,2.01
866,277,44,44,471.00,15.88,100.00,10.70
832,9765,10,10,508.83,0.10,100.00,50.88
123,3946,3042,3041,323.33,77.09,99.97,0.11
342,5230,3928,3926,720.83,75.11,99.95,0.18
485,1902,1697,1696,630.36,89.22,99.94,0.37
645,2886,1386,1384,265.24,48.02,99.86,0.19
500,7623,2043,2038,681.64,26.80,99.76,0.33
125,2212,1382,1378,649.55,62.48,99.71,0.47
553,4061,2396,2387,727.10,59.00,99.62,0.30
24,9746,9270,9221,104.76,95.12,99.47,0.01
821,7136,677,673,262.75,9.49,99.41,0.39
703,1434,639,635,342.13,44.56,99.37,0.54
482,9507,1889,1875,259.68,19.87,99.26,0.14
456,2058,98,97,247.31,4.76,98.98,2.55
860,2091,457,452,461.97,21.86,98.91,1.02
371,3090,709,701,419.61,22.94,98.87,0.60
496,9745,5231,5158,656.71,53.68,98.60,0.13
560,8643,126,124,804.15,1.46,98.41,6.49
785,8844,3855,3779,460.02,43.59,98.03,0.12
927,2055,1602,1570,190.23,77.96,98.00,0.12
568,9677,196,192,358.76,2.03,97.96,1.87
804,5114,147,144,165.84,2.87,97.96,1.15
532,6875,5627,5509,856.52,81.85,97.90,0.16
684,6355,6149,6014,628.93,96.76,97.80,0.10
82,3368,1265,1236,324.09,37.56,97.71,0.26
313,4794,3012,2943,549.09,62.83,97.71,0.19
307,1789,814,795,891.24,45.50,97.67,1.12
446,3204,3121,3048,789.06,97.41,97.66,0.26
384,4245,2373,2315,93.48,55.90,97.56,0.04
615,1492,203,198,465.34,13.61,97.54,2.35
97,8329,5460,5324,565.78,65.55,97.51,0.11
660,2072,355,346,523.15,17.13,97.46,1.51
952,9680,6853,6667,78.58,70.80,97.29,0.01
347,1448,1292,1255,279.80,89.23,97.14,0.22
556,8144,748,726,823.04,9.18,97.06,1.13
610,937,100,97,531.92,10.67,97.00,5.48
637,7464,3472,3368,810.88,46.52,97.00,0.24
664,5714,4876,4727,202.52,85.33,96.94,0.04
203,345,312,302,611.15,90.43,96.79,2.02
453,7053,30,29,203.51,0.43,96.67,7.02
784,4810,3919,3787,927.88,81.48,96.63,0.25
589,6663,1661,1604,605.65,24.93,96.57,0.38
374,8216,2990,2886,462.60,36.39,96.52,0.16
9,6828,919,887,232.63,13.46,96.52,0.26
363,509,113,109,287.84,22.20,96.46,2.64
304,2527,567,546,410.54,22.44,96.30,0.75
738,3868,320,308,936.26,8.27,96.25,3.04
677,8478,328,315,173.68,3.87,96.04,0.55
79,2965,126,121,156.63,4.25,96.03,1.29
37,9901,3821,3668,267.31,38.59,96.00,0.07
889,9599,2299,2207,881.09,23.95,96.00,0.40
758,800,322,309,725.75,40.25,95.96,2.35
114,7667,2795,2682,239.21,36.45,95.96,0.09
802,3183,2955,2834,679.73,92.84,95.91,0.24
476,8475,3433,3292,111.27,40.51,95.89,0.03
621,2738,1979,1894,185.44,72.28,95.70,0.10
270,209,207,198,776.28,99.04,95.65,3.92
410,8873,1692,1617,975.25,19.07,95.57,0.60
350,3078,2096,2002,332.57,68.10,95.52,0.17
870,1025,887,847,468.78,86.54,95.49,0.55
317,1807,938,894,906.66,51.91,95.31,1.01
520,3759,447,426,976.68,11.89,95.30,2.29
355,5488,3830,3647,143.30,69.79,95.22,0.04
240,1381,61,58,317.24,4.42,95.08,5.47
773,5403,864,821,920.61,15.99,95.02,1.12
466,6228,5397,5110,398.31,86.66,94.68,0.08
433,2845,2717,2571,279.72,95.50,94.63,0.11
790,8851,4037,3813,853.76,45.61,94.45,0.22
803,9099,3766,3554,946.49,41.39,94.37,0.27
786,1653,335,316,233.73,20.27,94.33,0.74
829,2961,1584,1494,309.32,53.50,94.32,0.21
904,327,263,248,340.75,80.43,94.30,1.37
996,2844,2354,2216,157.33,82.77,94.14,0.07
334,5609,5576,5247,262.34,99.41,94.10,0.05
619,197,50,47,175.75,25.38,94.00,3.74
356,2173,1977,1855,103.61,90.98,93.83,0.06
778,8413,3949,3702,486.13,46.94,93.75,0.13
581,1395,441,413,663.41,31.61,93.65,1.61
973,2094,840,786,566.60,40.11,93.57,0.72
31,4373,2093,1957,159.22,47.86,93.50,0.08
967,5188,321,300,293.01,6.19,93.46,0.98
744,635,410,383,741.06,64.57,93.41,1.93
314,7395,4159,3884,712.17,56.24,93.39,0.18
25,7948,6345,5916,52.88,79.83,93.24,0.01
143,7518,4440,4137,278.76,59.06,93.18,0.07
722,169,71,66,795.28,42.01,92.96,12.05
488,6127,4218,3919,711.73,68.84,92.91,0.18
653,7666,4722,4378,385.42,61.60,92.71,0.09
512,2951,39,36,756.07,1.32,92.31,21.00
77,6747,4400,4049,860.28,65.21,92.02,0.21
402,9126,3568,3276,154.25,39.10,91.82,0.05
874,9176,7606,6979,923.21,82.89,91.76,0.13
338,3524,3336,3058,378.81,94.67,91.67,0.12
484,1975,1806,1655,461.02,91.44,91.64,0.28
169,5278,3853,3524,803.25,73.00,91.46,0.23
150,288,161,147,592.73,55.90,91.30,4.03
120,5150,126,115,835.72,2.45,91.27,7.27
536,2634,2008,1832,556.80,76.23,91.24,0.30
955,7300,5874,5356,64.19,80.47,91.18,0.01
468,4526,1114,1015,475.46,24.61,91.11,0.47
184,421,180,164,510.26,42.76,91.11,3.11
69,4556,1257,1145,538.28,27.59,91.09,0.47
547,5322,3894,3546,252.61,73.17,91.06,0.07
775,8854,4772,4328,324.59,53.90,90.70,0.07
491,8410,6886,6245,165.89,81.88,90.69,0.03
893,7286,4376,3966,768.49,60.06,90.63,0.19
340,3015,678,614,698.25,22.49,90.56,1.14
724,8867,2530,2290,770.81,28.53,90.51,0.34
607,4003,4000,3617,753.49,99.93,90.43,0.21
151,4485,2950,2665,186.90,65.77,90.34,0.07
41,610,248,224,836.66,40.66,90.32,3.74
89,9979,3932,3550,228.29,39.40,90.28,0.06
234,3331,2823,2548,446.39,84.75,90.26,0.18
135,4416,1222,1102,880.79,27.67,90.18,0.80
811,2362,1038,936,75.28,43.95,90.17,0.08
112,3924,1004,903,399.70,25.59,89.94,0.44
220,1958,1508,1353,415.77,77.02,89.72,0.31
11,2201,1947,1746,126.94,88.46,89.68,0.07
917,7782,4230,3787,236.32,54.36,89.53,0.06
309,7825,6069,5424,810.22,77.56,89.37,0.15
498,9282,1595,1423,800.31,17.18,89.22,0.56
473,1859,681,607,296.12,36.63,89.13,0.49
966,1237,1030,917,902.41,83.27,89.03,0.98
507,8520,4634,4120,912.10,54.39,88.91,0.22
830,1368,18,16,401.57,1.32,88.89,25.10
537,2709,1917,1702,203.61,70.76,88.78,0.12
739,5633,4656,4131,859.25,82.66,88.72,0.21
133,2227,496,440,140.03,22.27,88.71,0.32
156,2969,2107,1864,163.82,70.97,88.47,0.09
960,1113,363,321,221.98,32.61,88.43,0.69
971,8370,2252,1991,111.22,26.91,88.41,0.06
892,1589,1422,1255,945.32,89.49,88.26,0.75
124,543,349,308,194.88,64.27,88.25,0.63
116,5233,4955,4372,94.01,94.69,88.23,0.02
358,8799,4323,3812,790.35,49.13,88.18,0.21
53,5724,5487,4836,50.49,95.86,88.14,0.01
119,8769,4426,3895,644.17,50.47,88.00,0.17
943,1607,892,785,843.87,55.51,88.00,1.07
659,3492,3026,2661,624.08,86.66,87.94,0.23
366,4209,3103,2726,835.68,73.72,87.85,0.31
218,4370,1447,1271,916.41,33.11,87.84,0.72
682,9551,4214,3698,762.12,44.12,87.76,0.21
609,2416,1790,1570,534.11,74.09,87.71,0.34
502,8127,1942,1699,82.05,23.90,87.49,0.05
182,717,423,370,266.71,59.00,87.47,0.72
132,4365,3269,2854,102.23,74.89,87.30,0.04
230,5780,1546,1345,448.49,26.75,87.00,0.33
842,2294,1324,1151,304.34,57.72,86.93,0.26
254,7059,2816,2448,679.45,39.89,86.93,0.28
750,5170,697,604,349.75,13.48,86.66,0.58
843,9785,9361,8102,79.49,95.67,86.55,0.01
411,1097,1001,866,505.35,91.25,86.51,0.58
404,5434,59,51,72.07,1.09,86.44,1.41
339,6087,5911,5108,580.05,97.11,86.42,0.11
930,9100,5124,4424,68.85,56.31,86.34,0.02
306,1111,896,771,184.04,80.65,86.05,0.24
105,428,284,244,287.11,66.36,85.92,1.18
797,6619,2185,1872,162.05,33.01,85.68,0.09
629,3857,3029,2594,621.79,78.53,85.64,0.24
706,1319,422,361,474.24,31.99,85.55,1.31
324,9985,982,840,361.50,9.83,85.54,0.43
416,4809,1478,1264,252.92,30.73,85.52,0.20
354,4163,2209,1888,860.52,53.06,85.47,0.46
820,4346,1056,902,225.99,24.30,85.42,0.25
986,4482,2616,2234,154.81,58.37,85.40,0.07
912,3521,3490,2979,900.52,99.12,85.36,0.30
577,7134,6106,5201,590.57,85.59,85.18,0.11
726,9406,2414,2052,197.61,25.66,85.00,0.10
595,1461,253,215,196.91,17.32,84.98,0.92
276,8801,4561,3872,679.08,51.82,84.89,0.18
504,8993,7728,6557,665.70,85.93,84.85,0.10
45,9809,2069,1751,316.85,21.09,84.63,0.18
576,7036,256,216,788.00,3.64,84.38,3.65
455,2880,286,240,370.55,9.93,83.92,1.54
857,9444,314,263,341.66,3.32,83.76,1.30
854,243,160,134,400.55,65.84,83.75,2.99
100,3629,720,603,964.14,19.84,83.75,1.60
222,7988,3252,2722,675.81,40.71,83.70,0.25
506,6997,3488,2913,450.89,49.85,83.51,0.15
194,7597,2402,2005,303.02,31.62,83.47,0.15
378,1093,290,242,517.23,26.53,83.45,2.14
788,8774,2249,1876,197.31,25.63,83.41,0.11
98,737,511,426,895.59,69.34,83.37,2.10
167,7946,4535,3781,256.24,57.07,83.37,0.07
93,1774,652,542,919.29,36.75,83.13,1.70
847,7680,3530,2931,409.48,45.96,83.03,0.14
325,1179,388,322,92.66,32.91,82.99,0.29
627,9414,5349,4417,67.50,56.82,82.58,0.02
846,4766,1151,950,638.70,24.15,82.54,0.67
127,3770,2684,2207,186.43,71.19,82.23,0.08
571,7137,2588,2127,789.91,36.26,82.19,0.37
56,4790,2238,1839,744.72,46.72,82.17,0.40
922,678,282,231,562.35,41.59,81.91,2.43
533,6135,5919,4843,405.94,96.48,81.82,0.08
850,6905,6321,5161,547.19,91.54,81.65,0.11
546,9004,6439,5255,596.90,71.51,81.61,0.11
958,8360,658,537,627.75,7.87,81.61,1.17
787,3096,2170,1758,300.67,70.09,81.01,0.17
902,6686,5796,4687,505.42,86.69,80.87,0.11
138,7387,3754,3033,344.87,50.82,80.79,0.11
215,7385,7171,5787,331.68,97.10,80.70,0.06
822,5345,4225,3404,871.21,79.05,80.57,0.26
601,7504,692,557,336.40,9.22,80.49,0.60
425,7656,5032,4044,639.66,65.73,80.37,0.16
364,6009,3957,3180,941.46,65.85,80.36,0.30
330,1171,454,364,252.12,38.77,80.18,0.69
415,5831,217,174,283.85,3.72,80.18,1.63
963,9914,1111,890,742.61,11.21,80.11,0.83
208,3619,2859,2290,609.00,79.00,80.10,0.27
746,7454,5305,4249,430.22,71.17,80.09,0.10
573,3466,3227,2584,355.28,93.10,80.07,0.14
59,6686,3955,3166,434.71,59.15,80.05,0.14
534,6398,3603,2884,642.21,56.31,80.04,0.22
413,4230,2429,1943,752.79,57.42,79.99,0.39
717,8504,7340,5870,666.60,86.31,79.97,0.11
984,9087,8601,6863,799.16,94.65,79.79,0.12
262,9518,4177,3333,985.88,43.89,79.79,0.30
171,9813,6810,5427,374.16,69.40,79.69,0.07
387,4362,2133,1699,197.20,48.90,79.65,0.12
875,4036,3940,3128,881.16,97.62,79.39,0.28
296,739,281,223,355.92,38.02,79.36,1.60
492,3274,1401,1111,829.91,42.79,79.30,0.75
840,2115,888,704,591.25,41.99,79.28,0.84
812,453,134,106,969.32,29.58,79.10,9.14
196,6902,2170,1714,648.97,31.44,78.99,0.38
633,1685,1650,1303,895.05,97.92,78.97,0.69
793,5212,2559,2016,195.24,49.10,78.78,0.10
540,7129,4236,3329,607.90,59.42,78.59,0.18
449,5166,2092,1644,922.40,40.50,78.59,0.56
245,1112,387,304,808.08,34.80,78.55,2.66
294,9562,4620,3621,386.59,48.32,78.38,0.11
318,4125,3070,2403,72.65,74.42,78.27,0.03
625,3040,1293,1009,998.69,42.53,78.04,0.99
461,2262,997,778,809.32,44.08,78.03,1.04
258,6157,1150,897,632.19,18.68,78.00,0.70
428,4286,109,85,936.13,2.54,77.98,11.01
12,3954,739,576,572.49,18.69,77.94,0.99
442,1054,964,751,378.11,91.46,77.90,0.50
508,9482,994,773,126.30,10.48,77.77,0.16
931,3423,1974,1534,698.63,57.67,77.71,0.46
883,2097,165,128,544.00,7.87,77.58,4.25
719,10000,1665,1291,895.48,16.65,77.54,0.69
303,8509,1266,981,162.31,14.88,77.49,0.17
825,4246,678,524,655.93,15.97,77.29,1.25
859,8489,7095,5481,528.04,83.58,77.25,0.10
389,5979,1633,1259,143.95,27.31,77.10,0.11
813,7897,5530,4260,796.25,70.03,77.03,0.19
32,7820,487,375,532.22,6.23,77.00,1.42
43,4426,1795,1381,658.82,40.56,76.94,0.48
650,8540,2655,2037,119.27,31.09,76.72,0.06
17,7086,6629,5082,294.36,93.55,76.66,0.06
680,1278,906,694,195.38,70.89,76.60,0.28
981,8869,3046,2332,369.32,34.34,76.56,0.16
487,6384,115,88,380.53,1.80,76.52,4.32
392,4662,2624,2008,196.22,56.28,76.52,0.10
52,3105,2488,1901,71.16,80.13,76.41,0.04
285,639,410,313,826.08,64.16,76.34,2.64
252,1418,76,58,590.87,5.36,76.32,10.19
997,1824,1325,1011,246.23,72.64,76.30,0.24
751,3538,2753,2100,648.16,77.81,76.28,0.31
921,7918,6071,4630,123.21,76.67,76.26,0.03
139,6369,4064,3097,79.97,63.81,76.21,0.03
431,3609,2829,2155,809.81,78.39,76.18,0.38
148,2963,1619,1224,416.40,54.64,75.60,0.34
36,3839,2772,2093,878.47,72.21,75.51,0.42
848,8431,5366,4040,593.82,63.65,75.29,0.15
552,9730,9604,7207,789.13,98.71,75.04,0.11
908,2652,2481,1860,661.23,93.55,74.97,0.36
564,9155,670,502,299.96,7.32,74.93,0.60
380,1584,1404,1052,768.48,88.64,74.93,0.73
723,3829,275,206,235.77,7.18,74.91,1.14
368,7007,4979,3728,200.18,71.06,74.87,0.05
896,1651,780,583,821.21,47.24,74.74,1.41
886,6155,3463,2585,958.67,56.26,74.65,0.37
668,582,497,371,657.58,85.40,74.65,1.77
656,8895,1970,1470,543.76,22.15,74.62,0.37
699,9232,6661,4964,413.52,72.15,74.52,0.08
716,8064,766,570,737.41,9.50,74.41,1.29
976,778,39,29,823.09,5.01,74.36,28.38
841,8773,7128,5300,666.42,81.25,74.35,0.13
152,7683,5965,4429,374.39,77.64,74.25,0.08
205,4730,4136,3067,81.32,87.44,74.15,0.03
626,8308,6907,5115,58.46,83.14,74.06,0.01
300,5256,420,311,583.76,7.99,74.05,1.88
979,2197,1508,1116,744.33,68.64,74.01,0.67
471,7969,1798,1330,532.28,22.56,73.97,0.40
349,3589,3312,2444,846.29,92.28,73.79,0.35
994,8548,5630,4148,732.59,65.86,73.68,0.18
13,4843,3037,2236,340.79,62.71,73.63,0.15
305,210,162,119,962.46,77.14,73.46,8.09
635,288,202,148,666.72,70.14,73.27,4.50
878,8116,5037,3690,428.37,62.06,73.26,0.12
730,8086,7028,5137,856.54,86.92,73.09,0.17
383,5883,2062,1506,702.19,35.05,73.04,0.47
638,9208,5439,3968,142.42,59.07,72.95,0.04
331,6909,3610,2628,271.58,52.25,72.80,0.10
974,8034,2818,2051,165.24,35.08,72.78,0.08
658,2698,432,314,925.60,16.01,72.69,2.95
188,2966,194,141,914.59,6.54,72.68,6.49
805,3677,3105,2251,598.12,84.44,72.50,0.27
529,3425,1433,1037,696.21,41.84,72.37,0.67
201,1714,1428,1033,321.23,83.31,72.34,0.31
932,5026,860,622,257.90,17.11,72.33,0.41
734,8171,5381,3881,276.35,65.85,72.12,0.07
855,6830,373,269,822.77,5.46,72.12,3.06
235,6966,4354,3137,640.07,62.50,72.05,0.20
887,2237,1246,896,355.69,55.70,71.91,0.40
454,3877,1543,1108,407.93,39.80,71.81,0.37
624,6033,2588,1855,928.62,42.90,71.68,0.50
824,784,401,287,671.04,51.15,71.57,2.34
959,4952,4456,3186,468.14,89.98,71.50,0.15
388,6610,628,449,853.45,9.50,71.50,1.90
559,5976,2946,2105,565.95,49.30,71.45,0.27
900,9587,2592,1847,873.53,27.04,71.26,0.47
776,7095,4197,2987,400.11,59.15,71.17,0.13
495,6973,3542,2514,651.23,50.80,70.98,0.26
671,6245,1672,1185,373.74,26.77,70.87,0.32
186,254,48,34,194.65,18.90,70.83,5.73
141,6793,4104,2903,200.10,60.42,70.74,0.07
346,4008,577,408,980.79,14.40,70.71,2.40
528,5472,5111,3614,230.06,93.40,70.71,0.06
584,4837,4001,2829,490.71,82.72,70.71,0.17
418,2226,1662,1174,90.98,74.66,70.64,0.08
899,633,136,96,161.01,21.48,70.59,1.68
926,7040,4195,2959,63.66,59.59,70.54,0.02
266,486,322,227,585.67,66.26,70.50,2.58
315,5957,3654,2571,404.07,61.34,70.36,0.16
102,2697,980,689,236.46,36.34,70.31,0.34
268,1392,952,669,799.87,68.39,70.27,1.20
763,999,147,103,455.52,14.71,70.07,4.42
693,1817,831,582,450.13,45.73,70.04,0.77
49,9888,4709,3291,96.85,47.62,69.89,0.03
28,367,116,81,144.74,31.61,69.83,1.79
910,6412,3803,2652,430.53,59.31,69.73,0.16
405,7185,3560,2477,715.30,49.55,69.58,0.29
211,9857,9117,6327,465.62,92.49,69.40,0.07
586,5524,1843,1277,806.33,33.36,69.29,0.63
771,8712,4862,3361,477.74,55.81,69.13,0.14
494,2767,663,458,387.11,23.96,69.08,0.85
191,4532,226,156,926.42,4.99,69.03,5.94
662,7232,3363,2313,620.68,46.50,68.78,0.27
907,1120,377,258,626.12,33.66,68.44,2.43
696,909,304,207,132.39,33.44,68.09,0.64
333,2139,1264,859,918.42,59.09,67.96,1.07
212,3613,708,481,473.15,19.60,67.94,0.98
978,3321,3281,2225,64.54,98.80,67.81,0.03
373,6937,4278,2901,823.55,61.67,67.81,0.28
159,2701,869,589,450.31,32.17,67.78,0.76
570,414,214,145,410.65,51.69,67.76,2.83
213,6772,1858,1258,102.82,27.44,67.71,0.08
403,9393,6017,4067,766.47,64.06,67.59,0.19
599,2984,182,123,940.93,6.10,67.58,7.65
432,2382,114,77,212.32,4.79,67.54,2.76
40,706,385,260,306.44,54.53,67.53,1.18
247,5406,4681,3160,216.06,86.59,67.51,0.07
936,6943,3037,2043,938.59,43.74,67.27,0.46
83,1068,406,273,462.72,38.01,67.24,1.69
768,485,30,20,983.78,6.19,66.67,49.19
467,5948,1797,1197,348.94,30.21,66.61,0.29
187,3038,2678,1776,631.29,88.15,66.32,0.36
146,7451,2090,1385,910.44,28.05,66.27,0.66
737,9101,3168,2099,145.03,34.81,66.26,0.07
316,1656,421,277,858.49,25.42,65.80,3.10
999,3696,412,271,488.91,11.15,65.78,1.80
774,7995,7280,4765,328.80,91.06,65.45,0.07
880,3406,2812,1840,191.82,82.56,65.43,0.10
274,4187,2651,1734,756.95,63.32,65.41,0.44
756,1946,1892,1237,622.16,97.23,65.38,0.50
753,4902,507,331,158.02,10.34,65.29,0.48
231,8631,1615,1054,685.38,18.71,65.26,0.65
287,8896,6672,4343,930.07,75.00,65.09,0.21
676,3199,2912,1895,988.32,91.03,65.08,0.52
890,9888,8593,5591,377.61,86.90,65.06,0.07
61,8531,7270,4726,831.75,85.22,65.01,0.18
486,5514,1648,1069,943.72,29.89,64.87,0.88
879,1261,687,445,310.15,54.48,64.77,0.70
759,4216,3451,2233,527.45,81.85,64.71,0.24
107,6272,1088,702,515.12,17.35,64.52,0.73
478,7805,6296,4048,557.19,80.67,64.29,0.14
343,6055,1642,1054,475.27,27.12,64.19,0.45
809,8835,1083,694,697.62,12.26,64.08,1.01
928,6755,2507,1604,64.59,37.11,63.98,0.04
6,5552,3352,2137,755.70,60.37,63.75,0.35
815,6716,4596,2922,364.49,68.43,63.58,0.12
714,7329,1234,780,524.81,16.84,63.21,0.67
675,2186,1354,853,470.18,61.94,63.00,0.55
497,9884,5731,3609,892.27,57.98,62.97,0.25
145,2605,1318,827,419.05,50.60,62.75,0.51
35,7740,6937,4350,289.64,89.63,62.71,0.07
8,4329,2574,1613,378.32,59.46,62.67,0.23
421,4271,1255,786,587.19,29.38,62.63,0.75
513,1703,187,117,617.55,10.98,62.57,5.28
470,7690,748,468,560.76,9.73,62.57,1.20
539,4588,954,594,536.15,20.79,62.26,0.90
54,291,45,28,295.23,15.46,62.22,10.54
269,9236,6914,4297,211.78,74.86,62.15,0.05
91,2203,219,136,912.22,9.94,62.10,6.71
362,5510,3059,1896,344.54,55.52,61.98,0.18
4,7040,3147,1943,481.55,44.70,61.74,0.25
867,3029,1462,901,209.41,48.27,61.63,0.23
71,3755,757,466,572.38,20.16,61.56,1.23
246,8551,281,172,815.62,3.29,61.21,4.74
639,572,525,321,844.05,91.78,61.14,2.63
353,9391,1067,651,653.70,11.36,61.01,1.00
328,2293,1178,718,237.02,51.37,60.95,0.33
161,1727,345,209,233.47,19.98,60.58,1.12
634,1262,1087,655,693.59,86.13,60.26,1.06
519,4941,1268,764,659.55,25.66,60.25,0.86
616,4397,1316,791,875.84,29.93,60.11,1.11
554,6356,2867,1721,180.73,45.11,60.03,0.11
68,1064,953,572,229.13,89.57,60.02,0.40
360,6295,130,78,179.83,2.07,60.00,2.31
372,9182,6434,3853,920.79,70.07,59.88,0.24
518,9531,4693,2804,709.29,49.24,59.75,0.25
849,7729,5579,3325,530.57,72.18,59.60,0.16
189,3523,698,416,686.43,19.81,59.60,1.65
96,1443,869,516,834.21,60.22,59.38,1.62
173,6435,4827,2865,110.88,75.01,59.35,0.04
134,9857,5926,3510,686.44,60.12,59.23,0.20
856,8410,4370,2586,117.30,51.96,59.18,0.05
108,7772,2880,1702,968.84,37.06,59.10,0.57
580,3792,1692,997,563.86,44.62,58.92,0.57
18,9399,6428,3777,607.08,68.39,58.76,0.16
948,4706,425,248,518.93,9.03,58.35,2.09
236,353,60,35,863.23,17.00,58.33,24.66
5,2607,2350,1368,130.12,90.14,58.21,0.10
224,4374,533,310,609.95,12.19,58.16,1.97
657,4290,911,529,152.11,21.24,58.07,0.29
628,2150,1020,592,177.16,47.44,58.04,0.30
448,8078,2007,1161,348.84,24.85,57.85,0.30
602,8899,2285,1320,523.82,25.68,57.77,0.40
603,6013,744,426,537.35,12.37,57.26,1.26
47,3714,2007,1145,927.45,54.04,57.05,0.81
147,652,95,54,772.95,14.57,56.84,14.31
587,9949,3188,1810,584.12,32.04,56.78,0.32
636,3527,680,384,472.75,19.28,56.47,1.23
367,3846,274,154,526.71,7.12,56.20,3.42
648,8011,3608,2020,924.61,45.04,55.99,0.46
817,1283,886,495,618.79,69.06,55.87,1.25
697,6700,6496,3617,400.14,96.96,55.68,0.11
692,2595,1774,985,661.72,68.36,55.52,0.67
382,858,490,272,985.31,57.11,55.51,3.62
438,9285,972,538,465.41,10.47,55.35,0.87
439,3334,539,298,851.64,16.17,55.29,2.86
251,695,134,74,592.58,19.28,55.22,8.01
946,1443,526,290,875.66,36.45,55.13,3.02
761,7988,4188,2305,862.50,52.43,55.04,0.37
995,1466,262,144,837.34,17.87,54.96,5.81
933,7732,2419,1326,332.78,31.29,54.82,0.25
611,5680,1887,1034,915.52,33.22,54.80,0.89
998,4263,2119,1161,242.54,49.71,54.79,0.21
281,5406,3279,1786,715.89,60.65,54.47,0.40
535,3773,2807,1525,368.53,74.40,54.33,0.24
779,2581,1978,1072,172.28,76.64,54.20,0.16
808,3034,198,107,653.15,6.53,54.04,6.10
712,4356,1838,993,871.63,42.19,54.03,0.88
767,7228,498,269,512.78,6.89,54.02,1.91
463,7783,6486,3500,781.66,83.34,53.96,0.22
605,5464,5310,2857,962.69,97.18,53.80,0.34
585,7305,6747,3617,523.57,92.36,53.61,0.14
695,853,585,313,81.54,68.58,53.50,0.26
686,1030,638,341,692.42,61.94,53.45,2.03
710,5632,3105,1642,103.53,55.13,52.88,0.06
67,4264,3250,1717,432.82,76.22,52.83,0.25
920,6666,2976,1570,257.70,44.64,52.76,0.16
80,8854,8123,4277,71.87,91.74,52.65,0.02
1000,2843,2624,1381,583.43,92.30,52.63,0.42
901,3486,1224,644,228.75,35.11,52.61,0.36
538,4931,116,61,349.50,2.35,52.59,5.73
351,2305,1250,655,294.67,54.23,52.40,0.45
375,4675,447,234,781.13,9.56,52.35,3.34
794,3133,2690,1402,348.61,85.86,52.12,0.25
990,696,555,289,153.65,79.74,52.07,0.53
345,9609,4867,2530,885.01,50.65,51.98,0.35
109,6677,4456,2312,553.38,66.74,51.89,0.24
241,5427,2601,1348,161.43,47.93,51.83,0.12
166,3392,2417,1251,676.38,71.26,51.76,0.54
690,5866,3044,1575,286.74,51.89,51.74,0.18
406,1053,455,235,821.61,43.21,51.65,3.50
969,1418,80,41,583.54,5.64,51.25,14.23
831,5713,1490,763,775.63,26.08,51.21,1.02
839,530,504,258,701.55,95.09,51.19,2.72
769,9834,4606,2355,893.46,46.84,51.13,0.38
490,8705,7488,3823,957.19,86.02,51.06,0.25
937,1595,545,278,230.27,34.17,51.01,0.83
199,1449,796,405,967.53,54.93,50.88,2.39
715,3116,2109,1073,536.16,67.68,50.88,0.50
64,2928,1846,936,243.93,63.05,50.70,0.26
563,6400,4222,2138,452.63,65.97,50.64,0.21
34,1568,1497,757,286.60,95.47,50.57,0.38
183,9302,7110,3595,90.63,76.44,50.56,0.03
275,4424,2939,1486,555.61,66.43,50.56,0.37
297,303,285,144,905.28,94.06,50.53,6.29
95,7933,3090,1561,189.38,38.95,50.52,0.12
480,2324,650,327,81.38,27.97,50.31,0.25
227,5766,434,218,350.17,7.53,50.23,1.61
606,3155,1105,555,279.66,35.02,50.23,0.50
729,8206,8171,4103,807.89,99.57,50.21,0.20
701,9106,3061,1532,512.06,33.62,50.05,0.33
828,2201,868,434,473.77,39.44,50.00,1.09
925,3479,156,78,636.86,4.48,50.00,8.16
62,1805,132,66,65.72,7.31,50.00,1.00
457,3738,3316,1657,739.28,88.71,49.97,0.45
121,1911,813,406,413.04,42.54,49.94,1.02
465,3276,2410,1202,805.98,73.57,49.88,0.67
263,6477,252,125,683.75,3.89,49.60,5.47
436,9203,3319,1644,655.49,36.06,49.53,0.40
426,1240,693,343,740.26,55.89,49.49,2.16
469,7110,5749,2829,246.76,80.86,49.21,0.09
806,8481,7695,3782,886.74,90.73,49.15,0.23
872,353,210,103,224.11,59.49,49.05,2.18
104,2902,2120,1038,106.22,73.05,48.96,0.10
19,9505,8373,4098,494.55,88.09,48.94,0.12
836,897,550,268,964.35,61.32,48.73,3.60
118,4739,2690,1309,693.23,56.76,48.66,0.53
980,522,469,228,108.14,89.85,48.61,0.47
736,6334,5157,2505,812.31,81.42,48.57,0.32
909,7612,4413,2135,984.82,57.97,48.38,0.46
219,6604,2974,1435,305.63,45.03,48.25,0.21
137,3608,919,441,445.79,25.47,47.99,1.01
727,7923,4404,2104,135.17,55.59,47.77,0.06
472,3916,2205,1052,214.13,56.31,47.71,0.20
903,6958,3853,1832,121.89,55.38,47.55,0.07
319,8482,2797,1330,413.29,32.98,47.55,0.31
747,2313,1043,493,193.81,45.09,47.27,0.39
915,5556,4241,2003,772.72,76.33,47.23,0.39
782,2826,635,299,373.69,22.47,47.09,1.25
651,2891,2163,1017,675.22,74.82,47.02,0.66
172,4632,624,293,709.07,13.47,46.96,2.42
115,2041,115,54,620.48,5.63,46.96,11.49
672,4849,2442,1141,199.74,50.36,46.72,0.18
322,7442,5876,2722,825.37,78.96,46.32,0.30
798,8103,3193,1470,83.90,39.41,46.04,0.06
185,8707,656,302,824.80,7.53,46.04,2.73
301,3301,1529,703,780.13,46.32,45.98,1.11
796,2809,1126,515,555.22,40.09,45.74,1.08
530,8762,617,282,777.01,7.04,45.71,2.76
348,2312,994,453,935.18,42.99,45.57,2.06
278,7601,5122,2333,833.27,67.39,45.55,0.36
66,285,187,85,896.76,65.61,45.45,10.55
337,9702,9175,4158,608.40,94.57,45.32,0.15
408,9836,9040,4092,288.47,91.91,45.27,0.07
51,5260,4994,2248,317.83,94.94,45.01,0.14
329,3923,389,175,769.77,9.92,44.99,4.40
652,1217,846,380,197.78,69.52,44.92,0.52
396,5976,3970,1778,55.42,66.43,44.79,0.03
94,2485,2117,947,651.21,85.19,44.73,0.69
179,5316,5285,2354,415.84,99.42,44.54,0.18
250,7453,2216,986,962.41,29.73,44.49,0.98
792,3426,2679,1191,954.41,78.20,44.46,0.80
27,910,408,181,382.87,44.84,44.36,2.12
206,6376,2835,1255,687.94,44.46,44.27,0.55
711,6744,6353,2809,489.31,94.20,44.22,0.17
200,6416,4857,2147,472.24,75.70,44.20,0.22
88,9367,1265,558,224.39,13.50,44.11,0.40
128,4665,1984,874,781.04,42.53,44.05,0.89
423,7086,3503,1537,432.18,49.44,43.88,0.28
968,7512,553,242,531.75,7.36,43.76,2.20
126,8314,1841,805,597.17,22.14,43.73,0.74
755,5781,2284,998,168.29,39.51,43.70,0.17
357,523,131,57,984.60,25.05,43.51,17.27
935,8888,949,412,72.27,10.68,43.41,0.18
86,1678,598,259,133.60,35.64,43.31,0.52
721,1851,671,288,951.56,36.25,42.92,3.30
741,1933,1366,584,80.84,70.67,42.75,0.14
228,2070,674,288,307.07,32.56,42.73,1.07
764,9001,3241,1384,327.32,36.01,42.70,0.24
510,9459,176,75,401.48,1.86,42.61,5.35
863,7362,648,276,917.53,8.80,42.59,3.32
288,5920,2817,1199,308.78,47.58,42.56,0.26
242,7495,6948,2957,807.97,92.70,42.56,0.27
608,9190,7735,3285,218.69,84.17,42.47,0.07
861,2956,403,171,741.84,13.63,42.43,4.34
838,4573,2700,1138,265.07,59.04,42.15,0.23
600,7117,2944,1237,107.67,41.37,42.02,0.09
386,2690,418,175,924.98,15.54,41.87,5.29
243,111,55,23,865.05,49.55,41.82,37.61
765,4160,3332,1385,842.08,80.10,41.57,0.61
320,7694,384,159,56.47,4.99,41.41,0.36
523,2001,1761,729,697.74,88.01,41.40,0.96
934,2128,346,143,225.89,16.26,41.33,1.58
106,4327,636,262,810.30,14.70,41.19,3.09
81,2869,937,385,795.96,32.66,41.09,2.07
259,6914,6335,2603,691.89,91.63,41.09,0.27
369,3721,2870,1177,377.73,77.13,41.01,0.32
451,630,439,180,933.40,69.68,41.00,5.19
743,4828,3398,1390,938.24,70.38,40.91,0.67
572,2488,2167,886,649.13,87.10,40.89,0.73
253,7969,6482,2646,834.80,81.34,40.82,0.32
424,591,37,15,737.32,6.26,40.54,49.15
858,5311,1638,661,810.73,30.84,40.35,1.23
42,2835,2522,1017,244.65,88.96,40.33,0.24
801,310,134,54,354.64,43.23,40.30,6.57
953,2983,867,349,858.28,29.06,40.25,2.46
957,4235,1094,439,532.18,25.83,40.13,1.21
517,2091,998,400,145.41,47.73,40.08,0.36
884,1720,1156,463,234.92,67.21,40.05,0.51
524,4497,1115,446,91.41,24.79,40.00,0.20
868,1344,386,154,328.96,28.72,39.90,2.14
352,5506,2932,1168,943.61,53.25,39.84,0.81
180,4748,979,389,744.72,20.62,39.73,1.91
326,811,469,186,763.84,57.83,39.66,4.11
982,3629,3207,1269,445.13,88.37,39.57,0.35
516,346,226,89,718.11,65.32,39.38,8.07
493,724,430,169,938.05,59.39,39.30,5.55
175,2221,2126,834,122.65,95.72,39.23,0.15
437,8101,7297,2845,758.69,90.08,38.99,0.27
459,136,104,40,352.30,76.47,38.46,8.81
417,9447,6294,2416,725.34,66.62,38.39,0.30
257,6790,5199,1979,752.94,76.57,38.07,0.38
264,6089,3395,1292,902.61,55.76,38.06,0.70
198,6731,6694,2545,158.87,99.45,38.02,0.06
226,8903,6533,2483,370.18,73.38,38.01,0.15
400,9853,6342,2407,555.18,64.37,37.95,0.23
359,9472,7142,2706,684.60,75.40,37.89,0.25
914,7145,2739,1035,601.15,38.33,37.79,0.58
509,792,623,235,531.84,78.66,37.72,2.26
501,9120,6710,2524,194.04,73.57,37.62,0.08
964,3655,2818,1060,544.33,77.10,37.62,0.51
905,4658,604,227,228.47,12.97,37.58,1.01
620,2443,2061,774,930.18,84.36,37.55,1.20
193,3369,388,145,286.48,11.52,37.37,1.98
791,337,276,103,534.32,81.90,37.32,5.19
593,7182,2225,830,800.29,30.98,37.30,0.96
20,9559,1476,550,631.62,15.44,37.26,1.15
970,9130,7915,2941,825.59,86.69,37.16,0.28
144,3686,167,62,549.17,4.53,37.13,8.86
260,5453,1318,489,385.47,24.17,37.10,0.79
332,5929,1347,499,296.31,22.72,37.05,0.59
221,4206,2006,743,990.00,47.69,37.04,1.33
335,4593,3588,1325,891.77,78.12,36.93,0.67
549,3438,2826,1039,823.80,82.20,36.77,0.79
110,3838,1243,457,704.26,32.39,36.77,1.54
390,8026,5472,2012,615.18,68.18,36.77,0.31
757,4105,2514,924,728.42,61.24,36.75,0.79
223,2088,1824,669,108.52,87.36,36.68,0.16
799,1573,563,205,281.30,35.79,36.41,1.37
475,1329,1100,400,949.19,82.77,36.36,2.37
888,2036,1247,453,723.45,61.25,36.33,1.60
574,1507,58,21,911.69,3.85,36.21,43.41
216,7363,2507,904,64.83,34.05,36.06,0.07
197,6178,2690,969,679.89,43.54,36.02,0.70
748,2452,53,19,178.08,2.16,35.85,9.37
919,4808,4177,1497,144.07,86.88,35.84,0.10
214,4271,3998,1427,693.13,93.61,35.69,0.49
521,5331,2733,973,199.26,51.27,35.60,0.20
323,2940,1564,556,173.05,53.20,35.55,0.31
7,6433,5772,2052,172.66,89.72,35.55,0.08
575,6674,5415,1914,810.72,81.14,35.35,0.42
10,776,515,182,923.93,66.37,35.34,5.08
289,8112,6342,2239,907.80,78.18,35.30,0.41
681,601,142,50,920.64,23.63,35.21,18.41
265,8000,5647,1988,658.41,70.59,35.20,0.33
945,5150,544,191,531.28,10.56,35.11,2.78
705,8807,5618,1972,353.46,63.79,35.10,0.18
906,7633,619,217,843.95,8.11,35.06,3.89
177,2366,1711,597,211.32,72.32,34.89,0.35
989,8351,6505,2267,178.32,77.89,34.85,0.08
283,8465,3101,1078,369.92,36.63,34.76,0.34
853,6617,4021,1392,647.69,60.77,34.62,0.47
237,7243,2045,707,227.97,28.23,34.57,0.32
393,703,377,130,887.42,53.63,34.48,6.83
422,366,232,80,107.98,63.39,34.48,1.35
26,7367,7215,2482,373.17,97.94,34.40,0.15
834,1393,1390,474,460.01,99.78,34.10,0.97
407,6885,1899,641,659.02,27.58,33.75,1.03
279,1383,279,94,281.61,20.17,33.69,3.00
73,4767,2689,904,625.48,56.41,33.62,0.69
434,4326,408,137,154.33,9.43,33.58,1.13
168,3756,1462,491,399.61,38.92,33.58,0.81
596,7624,1924,645,792.48,25.24,33.52,1.23
941,5436,257,86,896.37,4.73,33.46,10.42
391,2190,1966,657,234.59,89.77,33.42,0.36
256,1186,920,307,833.88,77.57,33.37,2.72
578,1803,211,70,195.41,11.70,33.18,2.79
131,1553,1432,474,267.23,92.21,33.10,0.56
129,3221,2020,667,136.81,62.71,33.02,0.21
871,4985,1050,345,197.48,21.06,32.86,0.57
613,4540,122,40,616.93,2.69,32.79,15.42
60,8569,5291,1732,303.68,61.75,32.73,0.18
891,8454,3262,1053,651.45,38.59,32.28,0.62
640,3674,1400,451,789.56,38.11,32.21,1.75
298,3003,326,105,803.67,10.86,32.21,7.65
582,6476,4121,1326,177.05,63.63,32.18,0.13
781,4974,3295,1059,808.71,66.24,32.14,0.76
2,4867,2109,675,557.24,43.33,32.01,0.83
505,7257,3480,1102,405.82,47.95,31.67,0.37
3,3807,3536,1119,745.29,92.88,31.65,0.67
312,2604,569,180,871.97,21.85,31.63,4.84
557,4799,3235,1021,717.26,67.41,31.56,0.70
992,2663,2266,705,274.51,85.09,31.11,0.39
588,1891,1701,529,538.35,89.95,31.10,1.02
249,3056,734,228,528.50,24.02,31.06,2.32
39,3686,2489,770,668.74,67.53,30.94,0.87
398,2281,1053,325,105.20,46.16,30.86,0.32
810,9329,901,278,766.99,9.66,30.85,2.76
155,4630,3883,1196,841.75,83.87,30.80,0.70
873,8900,8483,2612,711.19,95.31,30.79,0.27
655,1318,272,83,467.78,20.64,30.51,5.64
414,1157,184,56,680.23,15.90,30.43,12.15
464,5479,1118,338,730.79,20.41,30.23,2.16
284,8863,7586,2280,784.87,85.59,30.06,0.34
271,5016,4609,1384,629.10,91.89,30.03,0.45
551,807,180,54,557.55,22.30,30.00,10.33
385,648,622,185,450.48,95.99,29.74,2.44
864,724,306,90,607.29,42.27,29.41,6.75
617,5528,2028,596,325.65,36.69,29.39,0.55
401,7779,1783,523,597.39,22.92,29.33,1.14
807,9136,350,102,712.99,3.83,29.14,6.99
136,1858,792,230,245.45,42.63,29.04,1.07
548,9791,4602,1334,494.99,47.00,28.99,0.37
229,3610,2838,815,572.75,78.61,28.72,0.70
700,7459,1203,341,286.27,16.13,28.35,0.84
48,8042,937,265,137.61,11.65,28.28,0.52
75,2352,1369,387,283.23,58.21,28.27,0.73
190,3268,39,11,408.22,1.19,28.21,37.11
780,907,557,157,507.71,61.41,28.19,3.23
975,1509,621,175,991.69,41.15,28.18,5.67
499,1526,1323,372,348.87,86.70,28.12,0.94
687,688,317,89,337.77,46.08,28.08,3.80
381,9205,4864,1360,338.35,52.84,27.96,0.25
594,7881,6280,1755,781.40,79.69,27.95,0.45
614,3538,1233,343,639.30,34.85,27.82,1.86
103,5954,3142,868,660.69,52.77,27.63,0.76
740,2353,1801,496,698.67,76.54,27.54,1.41
379,4934,4246,1165,282.18,86.06,27.44,0.24
511,2009,1058,290,345.94,52.66,27.41,1.19
579,1801,794,216,824.64,44.09,27.20,3.82
474,3713,1825,496,606.36,49.15,27.18,1.22
50,238,89,24,813.25,37.39,26.97,33.89
394,1017,733,197,246.30,72.07,26.88,1.25
837,1319,661,177,152.04,50.11,26.78,0.86
742,4828,4756,1266,257.30,98.51,26.62,0.20
87,9265,1559,414,81.40,16.83,26.56,0.20
597,7959,5362,1410,812.69,67.37,26.30,0.58
344,7044,5024,1317,378.13,71.32,26.21,0.29
852,9157,1625,425,114.07,17.75,26.15,0.27
122,7734,5919,1531,326.90,76.53,25.87,0.21
835,6447,4387,1133,912.22,68.05,25.83,0.81
481,7968,7617,1958,450.80,95.59,25.71,0.23
845,1269,413,106,469.23,32.55,25.67,4.43
101,4552,4065,1036,456.74,89.30,25.49,0.44
545,7650,4717,1200,831.33,61.66,25.44,0.69
514,5478,2754,700,561.28,50.27,25.42,0.80
543,7481,5522,1381,951.92,73.81,25.01,0.69
458,6251,3622,896,458.24,57.94,24.74,0.51
225,1391,732,181,327.31,52.62,24.73,1.81
561,5337,3349,824,69.68,62.75,24.60,0.08
772,4258,3079,757,261.02,72.31,24.59,0.34
818,6958,3701,908,212.36,53.19,24.53,0.23
204,682,438,107,845.99,64.22,24.43,7.91
370,925,107,26,954.09,11.57,24.30,36.70
178,8458,8237,1992,144.45,97.39,24.18,0.07
550,1022,58,14,101.00,5.68,24.14,7.21
365,9865,8063,1945,746.98,81.73,24.12,0.38
897,7508,4823,1163,482.97,64.24,24.11,0.42
460,9376,6038,1448,846.31,64.40,23.98,0.58
565,3762,2384,571,63.23,63.37,23.95,0.11
57,2298,338,80,670.29,14.71,23.67,8.38
164,3764,3148,742,775.46,83.63,23.57,1.05
698,6673,569,134,717.76,8.53,23.55,5.36
157,7890,7691,1811,234.91,97.48,23.55,0.13
718,4888,952,224,478.07,19.48,23.53,2.13
951,4467,2834,666,62.60,63.44,23.50,0.09
261,7259,2067,485,821.71,28.47,23.46,1.69
851,2156,1757,412,646.50,81.49,23.45,1.57
789,617,562,130,822.14,91.09,23.13,6.32
238,6053,460,106,893.43,7.60,23.04,8.43
310,3128,1307,301,392.75,41.78,23.03,1.30
412,4502,802,184,839.69,17.81,22.94,4.56
949,7350,166,38,197.01,2.26,22.89,5.18
541,8006,4997,1138,772.06,62.42,22.77,0.68
814,4659,3858,877,463.99,82.81,22.73,0.53
667,4954,3803,860,977.74,76.77,22.61,1.14
321,4411,372,84,372.66,8.43,22.58,4.44
447,4261,2928,661,686.34,68.72,22.58,1.04
876,3110,2933,656,220.02,94.31,22.37,0.34
666,7670,4091,915,212.30,53.34,22.37,0.23
766,3284,1829,406,901.74,55.69,22.20,2.22
988,3956,167,37,795.57,4.22,22.16,21.50
728,6808,822,182,248.45,12.07,22.14,1.37
162,6775,6581,1450,279.07,97.14,22.03,0.19
685,3601,856,188,853.22,23.77,21.96,4.54
233,7635,3178,693,479.31,41.62,21.81,0.69
395,5173,5061,1087,794.51,97.83,21.48,0.73
544,2966,923,197,455.08,31.12,21.34,2.31
291,5450,3158,669,240.91,57.94,21.18,0.36
163,3982,3295,696,144.84,82.75,21.12,0.21
683,8959,3361,709,678.55,37.52,21.09,0.96
170,3068,2966,622,275.78,96.68,20.97,0.44
618,4710,2399,500,195.87,50.93,20.84,0.39
678,2350,305,63,266.76,12.98,20.66,4.23
302,1283,92,19,250.25,7.17,20.65,13.17
754,333,34,7,415.16,10.21,20.59,59.31
272,2938,1729,354,861.91,58.85,20.47,2.43
646,4430,3440,698,474.46,77.65,20.29,0.68
783,6724,5544,1119,409.37,82.45,20.18,0.37
622,3354,1578,317,471.14,47.05,20.09,1.49
15,2764,2363,474,628.30,85.49,20.06,1.33
149,9804,8816,1761,620.27,89.92,19.98,0.35
612,2783,1919,382,879.66,68.95,19.91,2.30
862,600,593,118,308.95,98.83,19.90,2.62
819,6601,6298,1251,407.97,95.41,19.86,0.33
826,4645,2739,543,904.25,58.97,19.82,1.67
503,7518,3827,758,372.43,50.90,19.81,0.49
84,6017,1044,206,964.71,17.35,19.73,4.68
295,7441,4891,961,349.66,65.73,19.65,0.36
74,8145,3098,601,741.83,38.04,19.40,1.23
911,3240,333,64,284.53,10.28,19.22,4.45
631,6440,504,96,912.14,7.83,19.05,9.50
293,1134,1028,195,348.01,90.65,18.97,1.78
142,1926,398,75,737.15,20.66,18.84,9.83
641,2542,536,101,636.85,21.09,18.84,6.31
956,1733,1612,302,870.35,93.02,18.73,2.88
65,8132,1888,351,345.14,23.22,18.59,0.98
882,8358,8199,1520,937.11,98.10,18.54,0.62
311,1794,557,103,293.86,31.05,18.49,2.85
800,351,211,39,495.74,60.11,18.48,12.71
950,5598,4329,800,371.03,77.33,18.48,0.46
566,7206,4621,851,300.11,64.13,18.42,0.35
63,4731,3482,629,850.42,73.60,18.06,1.35
942,7263,6526,1175,920.17,89.85,18.00,0.78
153,6339,5970,1071,507.38,94.18,17.94,0.47
823,6903,1581,281,748.79,22.90,17.77,2.66
160,1968,1198,209,454.62,60.87,17.45,2.18
140,2778,185,32,200.55,6.66,17.30,6.27
419,8229,1598,273,922.70,19.42,17.08,3.38
704,3187,2393,408,409.08,75.09,17.05,1.00
336,3570,1351,230,104.05,37.84,17.02,0.45
679,3429,94,16,817.87,2.74,17.02,51.12
44,4557,2304,390,925.33,50.56,16.93,2.37
440,4298,1494,253,366.16,34.76,16.93,1.45
944,9336,7212,1217,838.84,77.25,16.87,0.69
429,527,95,16,936.05,18.03,16.84,58.50
555,5345,5288,887,423.76,98.93,16.77,0.48
450,342,12,2,205.00,3.51,16.67,102.50
210,7267,1238,206,649.13,17.04,16.64,3.15
525,8650,7916,1306,397.21,91.51,16.50,0.30
479,9451,128,21,666.94,1.35,16.41,31.76
770,3123,2010,328,96.12,64.36,16.32,0.29
977,1078,322,52,113.95,29.87,16.15,2.19
924,5052,1711,276,740.89,33.87,16.13,2.68
923,9972,9893,1587,899.65,99.21,16.04,0.57
420,2693,2570,410,897.04,95.43,15.95,2.19
90,6988,1775,283,791.53,25.40,15.94,2.80
707,4851,577,92,138.50,11.89,15.94,1.51
983,7117,5943,936,580.22,83.50,15.75,0.62
165,2101,299,47,290.52,14.23,15.72,6.18
527,3152,590,92,670.06,18.72,15.59,7.28
1,9578,7069,1101,198.97,73.80,15.58,0.18
993,8597,5295,821,616.10,61.59,15.51,0.75
623,498,479,74,626.27,96.18,15.45,8.46
16,3278,3064,472,426.31,93.47,15.40,0.90
939,9236,6601,1005,604.06,71.47,15.22,0.60
694,9981,9330,1410,872.91,93.48,15.11,0.62
376,9959,5414,817,168.90,54.36,15.09,0.21
569,6996,4694,704,714.72,67.10,15.00,1.02
99,4883,4700,704,909.54,96.25,14.98,1.29
361,7342,370,55,781.62,5.04,14.86,14.21
78,7408,3580,525,478.71,48.33,14.66,0.91
46,5827,5366,780,806.21,92.09,14.54,1.03
409,2319,331,48,295.97,14.27,14.50,6.17
174,5545,3984,571,69.81,71.85,14.33,0.12
877,3112,98,14,449.14,3.15,14.29,32.08
207,7619,1633,232,119.81,21.43,14.21,0.52
299,7380,6151,871,97.39,83.35,14.16,0.11
972,7005,5200,730,617.80,74.23,14.04,0.85
397,7711,4456,619,919.43,57.79,13.89,1.49
70,3950,65,9,742.48,1.65,13.85,82.50
670,7540,210,29,853.19,2.79,13.81,29.42
827,1904,413,57,626.57,21.69,13.80,10.99
462,4875,2005,276,817.83,41.13,13.77,2.96
987,495,371,51,377.14,74.95,13.75,7.39
445,7389,204,28,789.33,2.76,13.73,28.19
327,8227,4744,645,403.24,57.66,13.60,0.63
708,4871,1686,223,550.90,34.61,13.23,2.47
940,2327,1586,208,946.54,68.16,13.11,4.55
661,7267,2838,371,758.73,39.05,13.07,2.05
642,4455,3336,434,589.90,74.88,13.01,1.36
844,4360,3501,454,843.20,80.30,12.97,1.86
833,2340,1621,205,710.18,69.27,12.65,3.46
885,6747,5629,707,631.26,83.43,12.56,0.89
732,2272,1077,135,419.28,47.40,12.53,3.11
691,4681,3148,393,674.42,67.25,12.48,1.72
267,9302,6671,824,615.68,71.72,12.35,0.75
894,3816,1803,220,936.85,47.25,12.20,4.26
895,2457,1876,227,724.26,76.35,12.10,3.19
735,7442,978,118,330.20,13.14,12.07,2.80
654,3741,1965,237,239.81,52.53,12.06,1.01
195,8767,8125,967,281.48,92.68,11.90,0.29
399,8251,6118,722,864.92,74.15,11.80,1.20
444,2050,1296,150,309.24,63.22,11.57,2.06
991,233,26,3,710.15,11.16,11.54,236.72
591,3251,1405,159,892.95,43.22,11.32,5.62
760,5105,5054,565,364.07,99.00,11.18,0.64
898,7868,3116,347,793.03,39.60,11.14,2.29
630,1280,293,32,352.68,22.89,10.92,11.02
452,8371,2853,304,988.47,34.08,10.66,3.25
749,312,38,4,153.55,12.18,10.53,38.39
816,2117,1052,109,724.97,49.69,10.36,6.65
592,4333,417,43,194.94,9.62,10.31,4.53
130,8675,1623,166,990.87,18.71,10.23,5.97
947,7233,6601,670,84.73,91.26,10.15,0.13
111,716,562,57,86.12,78.49,10.14,1.51
689,5335,1536,155,785.58,28.79,10.09,5.07
713,8458,6057,608,622.85,71.61,10.04,1.02
542,3998,2301,230,540.65,57.55,10.00,2.35
181,4194,1519,148,311.56,36.22,9.74,2.11
558,7707,2043,199,259.63,26.51,9.74,1.30
55,6690,5058,491,63.85,75.61,9.71,0.13
282,1482,978,94,510.88,65.99,9.61,5.43
308,7343,813,77,804.77,11.07,9.47,10.45
92,5972,1701,161,653.31,28.48,9.47,4.06
725,7669,7404,690,828.67,96.54,9.32,1.20
273,5755,1386,127,946.47,24.08,9.16,7.45
590,5494,2715,247,431.42,49.42,9.10,1.75
583,1438,1202,104,615.19,83.59,8.65,5.92
643,2851,1185,100,218.68,41.56,8.44,2.19
192,7615,3033,253,382.16,39.83,8.34,1.51
674,9887,87,7,776.29,0.88,8.05,110.90
795,113,50,4,655.52,44.25,8.00,163.88
217,4518,827,65,977.59,18.30,7.86,15.04
21,398,296,23,775.92,74.37,7.77,33.74
515,5150,2607,193,582.67,50.62,7.40,3.02
435,9661,6154,450,858.61,63.70,7.31,1.91
669,5398,5111,372,481.68,94.68,7.28,1.29
869,7264,5634,393,681.18,77.56,6.98,1.73
248,9360,3595,247,343.10,38.41,6.87,1.39
663,8707,2627,179,723.50,30.17,6.81,4.04
598,5849,3207,210,706.48,54.83,6.55,3.36
647,194,31,2,90.24,15.98,6.45,45.12
23,3471,1137,71,274.75,32.76,6.24,3.87
531,5018,3585,217,988.52,71.44,6.05,4.56
913,4384,4265,252,897.63,97.29,5.91,3.56
720,9996,5178,305,632.33,51.80,5.89,2.07
202,4965,3911,225,136.40,78.77,5.75,0.61
290,9029,6536,374,754.82,72.39,5.72,2.02
255,516,344,19,96.26,66.67,5.52,5.07
777,6324,3649,200,316.25,57.70,5.48,1.58
938,3686,442,24,611.72,11.99,5.43,25.49
526,3730,1106,60,198.55,29.65,5.42,3.31
731,9397,114,6,514.93,1.21,5.26,85.82
733,9436,8673,449,572.72,91.91,5.18,1.28
673,5944,591,30,771.12,9.94,5.08,25.70
483,6505,4285,215,476.99,65.87,5.02,2.22
76,4183,1685,84,564.09,40.28,4.99,6.72
29,8880,5154,252,652.26,58.04,4.89,2.59
176,3360,933,44,552.96,27.77,4.72,12.57
292,5877,5167,243,928.12,87.92,4.70,3.82
158,9929,3776,176,542.74,38.03,4.66,3.08
632,8222,864,40,967.80,10.51,4.63,24.20
929,6089,1646,76,942.06,27.03,4.62,12.40
58,3536,3471,159,389.16,98.16,4.58,2.45
72,393,249,11,529.29,63.36,4.42,48.12
14,9780,68,3,87.42,0.70,4.41,29.14
962,6105,575,25,396.97,9.42,4.35,15.88
33,7725,3506,151,221.91,45.39,4.31,1.47
881,325,187,8,907.50,57.54,4.28,113.44
443,2130,554,22,912.93,26.01,3.97,41.50
918,6311,3831,144,729.29,60.70,3.76,5.06
239,8743,2489,91,492.31,28.47,3.66,5.41
244,1832,691,25,809.75,37.72,3.62,32.39
489,6598,3641,128,206.51,55.18,3.52,1.61
865,6164,1871,60,681.95,30.35,3.21,11.37
702,1304,1101,32,123.02,84.43,2.91,3.84
562,8660,2532,66,410.41,29.24,2.61,6.22
286,7229,363,9,376.84,5.02,2.48,41.87
341,7708,692,17,850.40,8.98,2.46,50.02
649,7305,1085,26,917.19,14.85,2.40,35.28
688,5024,1405,33,141.22,27.97,2.35,4.28
965,3007,187,4,800.45,6.22,2.14,200.11
22,3746,1783,36,615.47,47.60,2.02,17.10
280,1125,899,17,644.52,79.91,1.89,37.91
644,7180,2917,55,657.55,40.63,1.89,11.96
752,6174,5094,95,816.63,82.51,1.86,8.60
522,1086,219,4,712.49,20.17,1.83,178.12
604,9423,4330,79,495.01,45.95,1.82,6.27
665,8958,3985,70,104.90,44.49,1.76,1.50
477,2118,57,1,517.70,2.69,1.75,517.70
745,8894,1213,19,382.53,13.64,1.57,20.13
916,2552,1521,20,867.03,59.60,1.31,43.35
113,4170,3591,47,816.92,86.12,1.31,17.38
30,9771,4199,53,747.36,42.97,1.26,14.10
277,6564,5426,63,649.59,82.66,1.16,10.31
762,314,193,2,80.30,61.46,1.04,40.15
954,4794,2631,27,454.66,54.88,1.03,16.84
209,9338,8698,80,778.23,93.15,0.92,9.73
441,277,113,1,752.20,40.79,0.88,752.20
567,7755,5806,51,573.70,74.87,0.88,11.25
377,5116,1759,15,666.05,34.38,0.85,44.40
985,9147,8143,69,701.05,89.02,0.85,10.16
154,3754,601,5,280.75,16.01,0.83,56.15
709,5605,3526,28,877.04,62.91,0.79,31.32
85,2384,1252,8,253.31,52.52,0.64,31.66
232,5680,5317,27,502.90,93.61,0.51,18.63
38,8318,4873,23,833.75,58.58,0.47,36.25
430,4428,221,1,257.75,4.99,0.45,257.75
427,2103,232,1,489.98,11.03,0.43,489.98
